Country code,Country,Case & death data by sex?,Cases date,Cases where sex-disaggregated data is available,Cases (% male),Cases (% female),Deaths date,Deaths where sex-disaggregated data is available,Deaths (% male),Deaths (% female),Deaths in confirmed cases date,Proportion of deaths in confirmed cases (male),Proportion of deaths in confirmed cases (female),Proportion of deaths in confirmed cases (Male:female ratio),Source
AF,Afghanistan,Yes,27.10.2020,40444,69.43%,30.57%,27.10.2020,1403,74.77%,25.23%,27.10.2020,3.74%,2.86%,1.3,http://covid.moph-dw.org/#/
AL,Albania,Yes,27.10.2020,19729,48%,52%,27.10.2020,487,67%,33%,27.10.2020,3.44%,1.57%,2.19,https://coronavirus.al/statistika/
DZ,Algeria,Partial,27.10.2020,53399,53.88%,46.12%,,,,,,,,,https://covid19.cdta.dz/dashboard/production/index.php
AD,Andorra,No,,,,,,,,,,,,,https://www.govern.ad/coronavirus
AO,Angola,No,,,,,,,,,,,,,https://www.cisp.gov.ao:10443/en/covid-19-angola-com-355-novas-infeccoes-e-47-recuperados/?utm_source=rss&utm_medium=rss&utm_campaign=covid-19-angola-com-355-novas-infeccoes-e-47-recuperados
AR,Argentina,Yes,26.10.2020,1099354,50.52%,49.48%,26.10.2020,29114,56.61%,43.39%,26.10.2020,2.97%,2.32%,1.28,https://www.argentina.gob.ar/salud/coronavirus-COVID-19/sala-situacion
AM,Armenia,Partial,,,,,27.10.2020,1222,53.60%,46.40%,,,,,https://ampop.am/covid19-coronavirus-dynamic-statistics-in-armenia/
AW,Aruba,No,,,,,,,,,,,,,https://www.arubacovid19.org/
AU,Australia,Yes,27.10.2020,27422,48.71%,51.29%,27.10.2020,899,48.28%,51.72%,27.10.2020,3.25%,3.31%,0.98,https://www.health.gov.au/news/health-alerts/novel-coronavirus-2019-ncov-health-alert/coronavirus-covid-19-current-situation-and-case-numbers
AT,Austria,Yes,27.10.2020,87746,51%,49%,27.10.2020,1005,57.02%,42.99%,27.10.2020,1.28%,1%,1.27,https://www.sozialministerium.at/Informationen-zum-Coronavirus/Neuartiges-Coronavirus-(2019-nCov).html
AZ,Azerbaijan,Partial,26.10.2020,48221,46%,54%,,,,,,,,,https://koronavirusinfo.az/az/page/statistika/azerbaycanda-cari-veziyyet
BS,Bahamas,No,,,,,,,,,,,,,https://covid19.gov.bs/category/covid-dashboard/
BH,Bahrain,Partial,06.07.2020,6081,88%,12%,,,,,,,,,https://www.moh.gov.bh/
BD,Bangladesh,Yes,25.10.2020,398815,71%,29%,25.10.2020,5803,77%,23%,25.10.2020,1.58%,1.15%,1.37,https://covid19bd.idare.io/
BY,Belarus,No,,,,,,,,,,,,,http://stopcovid.belta.by/
BE,Belgium,Yes,27.10.2020,332694,45.51%,54.49%,27.10.2020,10874,48%,52%,27.10.2020,3.45%,3.12%,1.11,https://epistat.wiv-isp.be/Covid/covid-19.html
BZ,Belize,Yes,26.10.2020,3200,54.09%,45.91%,26.10.2020,51,68.63%,31.37%,26.10.2020,2.02%,1.09%,1.86,https://www.facebook.com/Belizehealth/
BJ,Benin,No,,,,,,,,,,,,,https://www.gouv.bj/actualite/806/rapport-situation-covid-19-benin-date-13-aout-2020/
BT,Bhutan,Yes,27.10.2020,342,70.76%,29.24%,27.10.2020,,0%,0%,27.10.2020,,,1,https://www.facebook.com/MoHBhutan
BO,Bolivia,No,,,,,,,,,,,,,https://www.boliviasegura.gob.bo/
BA,Bosnia and Herzegovina,Yes,01.09.2020,12710,52%,48%,01.09.2020,354,66%,34%,01.09.2020,3.54%,1.98%,1.78,https://covid-19.ba/
BW,Botswana,Partial,17.07.2020,48,83%,17%,28.09.2020,15,40%,60%,,,,,https://datastudio.google.com/u/0/reporting/0f498d3b-2d44-4893-92cd-dd373f0a3f73/page/wI9JB
BR,Brazil,Partial,12.05.2020,114617,46%,54%,17.10.2020,150264,57.85%,42.15%,,,,,http://portalarquivos2.saude.gov.br/images/pdf/2020/October/08/Boletim-epidemiologico-COVID-34.pdf
BG,Bulgaria,Partial,25.05.2020,2443,49%,51%,,,,,,,,,https://coronavirus.bg/bg/news/424
BF,Burkina Faso,Yes,20.10.2020,2421,66.17%,33.83%,25.08.2020,55,74.51%,25.49%,25.08.2020,4.63%,3%,1.54,https://lefaso.net/spip.php?article100124
BI,Burundi,No,,,,,,,,,,,,,https://covid19.who.int/region/afro/country/bi
CV,Cabo Verde,Yes,25.10.2020,8472,48%,52%,29.09.2020,59,62.71%,37.29%,29.09.2020,1.29%,0.74%,1.74,https://covid19.cv/
KH,Cambodia,Yes,12.10.2020,283,79.86%,20.14%,12.10.2020,,0%,0%,12.10.2020,,,1,http://www.cdcmoh.gov.kh/images/Document/Coronaviruses/COVID-19/WHO-MOH_SITREP/15.SITREP_COVID-19_WHO-MOH_12.10.pdf
CM,Cameroon,No,,,,,,,,,,,,,https://web.facebook.com/MINSANTE.PageOfficielle/posts/3976297929052322?_rdc=1&_rdr
CA,Canada,Yes,27.10.2020,209420,46.94%,53.06%,27.10.2020,9812,46.26%,53.74%,27.10.2020,4.62%,4.75%,0.97,https://health-infobase.canada.ca/covid-19/epidemiological-summary-covid-19-cases.html#a7
CF,Central African Republic,Partial,07.10.2020,4854,73.49%,26.51%,,,,,,,,,https://twitter.com/MSPCentrafrique
TD,Chad,Yes,24.10.2020,1184,46.54%,53.46%,24.10.2020,90,76.67%,23.33%,24.10.2020,12.52%,3.32%,3.77,https://www.humanitarianresponse.info/en/operations/chad/document/sitrep-covid-19-n-21424-octobre-2020
CL,Chile,Yes,26.10.2020,551575,50.78%,49.22%,07.05.2020,294,60%,40%,07.05.2020,1.28%,0.97%,1.32,https://www.gob.cl/coronavirus/cifrasoficiales/
CN,China,Yes,28.02.2020,55924,51%,49%,28.02.2020,2114,64%,36%,28.02.2020,4.70%,2.80%,1.68,http://www.nhc.gov.cn/xcs/yqtb/202010/9ba5d3e1bb7045c093b816b05865884a.shtml
CO,Colombia,Yes,27.10.2020,1033218,50.37%,49.63%,27.10.2020,30565,64.17%,35.83%,27.10.2020,3.77%,2.14%,1.76,https://www.ins.gov.co/Noticias/Paginas/Coronavirus.aspx
KM,Comoros,No,,,,,,,,,,,,,https://www.facebook.com/Minist%C3%A8re-de-la-Sant%C3%A9-Union-des-Comores-320950001695355
CG,Congo,No,,,,,,,,,,,,,https://www.who.int/countries/cog/
CR,Costa Rica,Yes,26.10.2020,104460,51.82%,48.18%,26.10.2020,1312,61.97%,38.03%,26.10.2020,1.50%,0.99%,1.51,https://www.ministeriodesalud.go.cr/index.php/centro-de-prensa/noticias/741-noticias-2020/1725-situacion-nacional-covid-19
CI,Cote d'Ivoire,No,,,,,,,,,,,,,https://web.facebook.com/Mshpci/
HR,Croatia,Partial,26.10.2020,38675,49.22%,50.78%,,,,,,,,,https://koronavirus.hr/podaci/489
CU,Cuba,Partial,27.10.2020,6595,53.15%,46.85%,,,,,,,,,https://salud.msp.gob.cu/
CW,Curaçao,No,,,,,,,,,,,,,https://web.facebook.com/GobiernuKorsou/photos/a.1321157117970163/3345363552216166/?type=3&theater
CY,Cyprus,Partial,26.10.2020,3636,53.10%,46.90%,,,,,,,,,https://covid19.ucy.ac.cy/
CZ,Czech Republic,Yes,27.10.2020,264381,48.40%,51.60%,27.10.2020,1484,59.16%,40.84%,27.10.2020,0.69%,0.44%,1.54,https://onemocneni-aktualne.mzcr.cz/covid-19
CD,DRC,No,,,,,,,,,,,,,https://www.stopcoronavirusrdc.info/
KP,Dem. People's Republic of Korea,No,,,,,,,,,,,,,
DK,Denmark,Yes,13.10.2020,33101,48.15%,51.85%,27.10.2020,709,57.12%,42.88%,13.10.2020,2.39%,1.71%,1.4,https://www.ssi.dk/sygdomme-beredskab-og-forskning/sygdomsovervaagning/c/covid19-overvaagning
DJ,Djibouti,Partial,02.06.2020,3779,68%,32%,,,,,,,,,https://covid19.gouv.dj/
DO,Dominican Republic,Yes,28.08.2020,93732,51%,49%,30.08.2020,1710,66%,34%,28.08.2020,2.37%,1.26%,1.88,https://www.msp.gob.do/web/?page_id=6948#1586785071781-f0e8c057-f5f4
EC,Ecuador,Yes,26.10.2020,162178,53%,47%,26.10.2020,12181,66.48%,33.52%,26.10.2020,9.42%,5.36%,1.76,https://public.tableau.com/profile/direcci.n.nacional.de.vigilancia.epidemiol.gica.msp#!/vizhome/COVID19ecu_MSP_DNVE/COVID-19MSP
EG,Egypt,No,,,,,,,,,,,,,https://web.facebook.com/egypt.mohp/photos/a.122315979319023/231141518436468/?type=3&theater
SV,El Salvador,Partial,26.10.2020,32925,52.39%,47.61%,,,,,,,,,https://covid19.gob.sv/
,England,Yes,18.10.2020,637919,45.69%,54.31%,06.10.2020,42347,56.60%,43.40%,06.10.2020,11.87%,7.48%,1.59,https://www.gov.uk/government/publications/national-covid-19-surveillance-reports
GQ,Equatorial Guinea,Partial,25.10.2020,4595,59.06%,40.94%,30.09.2020,83,71.08%,28.92%,,,,,https://guineasalud.org/estadisticas/
ER,Eritrea,No,,,,,,,,,,,,,https://shabait.com/2020/10/10/announcement-from-the-ministry-of-health-69/
EE,Estonia,Yes,27.10.2020,4302,47.35%,52.65%,27.10.2020,71,47.89%,52.11%,27.10.2020,1.67%,1.63%,1.02,https://koroonakaart.ee/en
SZ,Eswatini,Yes,25.10.2020,5854,47.01%,52.99%,11.10.2020,113,54.87%,45.13%,11.10.2020,2.34%,1.69%,1.38,http://www.gov.sz/images/CORONA/Health-statement-COVID-25-OCTOBER-2020.pdf
ET,Ethiopia,Partial,29.06.2020,5846,61%,39%,,,,,,,,,https://twitter.com/FMoHealth (has sex disag data for deaths)
FI,Finland,Yes,31.08.2020,8086,49%,51%,20.10.2020,352,48%,52%,31.08.2020,4.02%,4.29%,0.94,https://thl.fi/fi/web/infektiotaudit-ja-rokotukset/ajankohtaista/ajankohtaista-koronaviruksesta-covid-19/tilannekatsaus-koronaviruksesta
FR,France,Yes,22.10.2020,1047083,47.46%,52.54%,20.10.2020,22873,59%,41%,20.10.2020,2.72%,1.70%,1.59,https://dc-covid.site.ined.fr/en/data/france/
PF,French Polynesia,Partial,04.10.2020,2228,49%,51%,29.09.2020,7,42.86%,57.14%,,,,,https://www.service-public.pf/dsp/wp-content/uploads/sites/12/2020/10/BEH12.pdf
GA,Gabon,Partial,26.08.2020,8409,40%,60%,,,,,,,,,https://infocovid.ga/cartographie-epidemiologique/
GM,Gambia,Partial,23.10.2020,3632,58.76%,41.24%,,,,,,,,,http://www.moh.gov.gm/wp-content/uploads/2020/10/Gambia_The_COVID-19_Sitrep-23rd-Oct-2020.pdf
GE,Georgia,No,,,,,,,,,,,,,https://stopcov.ge/en/
DE,Germany,Yes,27.10.2020,446424,50.05%,49.95%,27.10.2020,10088,55.51%,44.49%,27.10.2020,2.51%,2.01%,1.25,https://www.rki.de/DE/Content/InfAZ/N/Neuartiges_Coronavirus/Situationsberichte/Okt_2020/2020-10-06-en.pdf?__blob=publicationFile
GH,Ghana,Partial,27.10.2020,47775,58%,42%,,,,,,,,,https://ghanahealthservice.org/covid19/
GR,Greece,Yes,26.10.2020,29664,55.27%,44.73%,26.10.2020,581,62.13%,37.87%,26.10.2020,2.20%,1.66%,1.33,https://eody.gov.gr/wp-content/uploads/2020/10/covid-gr-daily-report-20201026.pdf
GL,Greenland,No,,,,,,,,,,,,,https://nun.gl/
GT,Guatemala,Yes,27.10.2020,104226,58.06%,41.94%,27.10.2020,3582,71.58%,28.42%,27.10.2020,4.24%,2.33%,1.82,https://tablerocovid.mspas.gob.gt/
GG,Guernsey,No,,,,,,,,,,,,,https://covid19.gov.gg/test-results
GN,Guinea,Partial,30.08.2020,9381,69%,31%,,,,,,,,,http://www.anss-guinee.org/
GW,Guinea-Bissau,No,,,,,,,,,,,,,https://covid19gb.com/
GY,Guyana,Partial,26.10.2020,4061,52.65%,47.35%,,,,,,,,,https://www.health.gov.gy/
HT,Haiti,Yes,25.10.2020,9046,57.90%,42.10%,25.10.2020,232,62.07%,37.93%,25.10.2020,2.75%,2.31%,1.19,https://mspp.gouv.ht/site/downloads/Sitrep%20COVID-19_25-10-2020.pdf
HN,Honduras,Partial,14.09.2020,67789,52%,48%,,,,,,,,,https://covid19honduras.org/
HK,Hong Kong,Yes,28.10.2020,5311,49.73%,50.27%,28.10.2020,105,61.91%,38.10%,28.10.2020,2.46%,1.50%,1.64,https://www.chp.gov.hk/files/pdf/local_situation_covid19_en.pdf
HU,Hungary,Partial,,,,,26.10.2020,1535,51.86%,48.14%,,,,,https://koronavirus.gov.hu/elhunytak
IS,Iceland,Partial,21.06.2020,1823,50%,50%,,,,,,,,,https://www.covid.is/data
IN,India,Yes,01.09.2020,2877791,65%,35%,21.05.2020,3711,64%,36%,06.04.2020,2.62%,3.07%,0.85,https://ncdc.gov.in/dashboard.php
ID,Indonesia,Yes,27.10.2020,404048,50.80%,49.20%,27.10.2020,13701,58.60%,41.40%,27.10.2020,3.91%,2.85%,1.37,https://covid19.go.id/peta-sebaran
IR,Iran,Yes,17.03.2020,14991,57%,43%,17.03.2020,853,59%,41%,17.03.2020,5.89%,5.43%,1.09,http://corona.behdasht.gov.ir/
IQ,Iraq,Yes,28.10.2020,445452,57.41%,42.59%,28.10.2020,10770,67%,33%,28.10.2020,2.82%,1.87%,1.51,https://app.powerbi.com/view?r=eyJrIjoiNjljMDhiYmItZTlhMS00MDlhLTg3MjItMDNmM2FhNzE5NmM4IiwidCI6ImY2MTBjMGI3LWJkMjQtNGIzOS04MTBiLTNkYzI4MGFmYjU5MCIsImMiOjh9
IL,Israel,Yes,27.10.2020,307944,52.34%,47.66%,25.10.2020,2318,57.64%,42.36%,25.10.2020,0.83%,0.67%,1.24,https://datadashboard.health.gov.il/COVID-19/?utm_source=go.gov.il&utm_medium=referral
IT,Italy,Yes,27.10.2020,538324,49.10%,50.90%,22.10.2020,36805,57.29%,42.71%,06.10.2020,13.15%,9.04%,1.46,https://www.epicentro.iss.it/coronavirus/
JM,Jamaica,Yes,27.10.2020,8652,44.82%,55.18%,27.10.2020,184,56.52%,43.48%,27.10.2020,2.68%,1.68%,1.6,https://jamcovid19.moh.gov.jm/
JP,Japan,Partial,22.06.2020,17301,55%,45%,,,,,,,,,https://www.niid.go.jp/niid/en/2019-ncov-e.html
JE,Jersey,Yes,26.10.2020,556,44%,56%,27.10.2020,32,63%,37%,27.10.2020,8.24%,3.80%,2.17,https://www.gov.je/Health/Coronavirus/Pages/CoronavirusCases.aspx
JO,Jordan,No,,,,,,,,,,,,,https://corona.moh.gov.jo/en
KZ,Kazakhstan,Partial,08.06.2020,9452,61%,39%,,,,,,,,,https://hls.kz/
KE,Kenya,Yes,15.09.2020,36301,64.52%,35.48%,15.09.2020,634,74.61%,25.39%,15.09.2020,2.02%,1.25%,1.62,Ministry report obtained by APHRC from a third party
KW,Kuwait,No,,,,,,,,,,,,,https://corona.e.gov.kw/en
KG,Kyrgyzstan,Yes,16.07.2020,12498,47%,53%,16.07.2020,155,62%,38%,16.07.2020,1.63%,0.89%,1.83,http://www.med.kg/en/informatsii-2/2095-statistics-on-covid-19-in-kyrgyzstan-as-of-july-6-2020.html
LV,Latvia,Yes,26.10.2020,4757,47.07%,52.93%,27.10.2020,60,62.63%,37.37%,27.10.2020,1.70%,0.87%,1.94,https://spkc.gov.lv/lv/tavai-veselibai/aktualitate-par-jauno-koronavi
LB,Lebanon,Partial,14.10.2020,57246,57%,43%,06.07.2020,36,31%,69%,,,,,https://web.facebook.com/wholeb/photos/pcb.4735259823181951/4735243006516966/?type=3&theater
LS,Lesotho,No,,,,,,,,,,,,,https://nacosec.org.ls/
LR,Liberia,Yes,26.10.2020,1419,65.12%,34.88%,26.10.2020,82,64.63%,35.37%,26.10.2020,5.74%,5.86%,0.98,https://web.facebook.com/164280647325112/photos/a.347331779019997/1110226236063877/
LY,Libya,No,,,,,,,,,,,,,https://ncdc.org.ly/Ar/libyan-covid-19-dashboard/
LT,Lithuania,Partial,27.10.2020,11357,44.53%,55.47%,01.06.2020,70,47%,53%,,,,,https://registrucentras.maps.arcgis.com/apps/opsdashboard/index.html#/becd01f2fade4149ba7a9e5baaddcd8d
LU,Luxembourg,Yes,28.10.2020,15659,51%,49%,28.10.2020,147,55%,45%,28.10.2020,1.01%,0.86%,1.17,https://msan.gouvernement.lu/en/dossiers/2020/corona-virus.html
MG,Madagascar,No,,,,,,,,,,,,,https://web.facebook.com/orangeactu/photos/a.1380589932211150/2724034514533345/?type=1&theater&_rdc=1&_rdr
MW,Malawi,Yes,25.10.2020,5882,68.31%,31.69%,25.10.2020,183,75.96%,24.04%,25.10.2020,3.46%,2.36%,1.47,https://malawipublichealth.org/index.php/resources/COVID-19%20SitRep%20Updates/October%202020/20201025_Malawi%20COVID-19%20situation%20report.pdf/detail
MY,Malaysia,Partial,,,,,27.10.2020,236,71.19%,28.81%,,,,,https://ukkdosm.github.io/covid-19
MV,Maldives,Yes,26.10.2020,11512,69.28%,30.72%,26.10.2020,34,58.82%,41.18%,26.10.2020,0.25%,0.40%,0.63,https://covid19.health.gov.mv/dashboard/
ML,Mali,Partial,30.08.2020,2773,67%,33%,,,,,,,,,https://www.humanitarianresponse.info/sites/www.humanitarianresponse.info/files/documents/files/mali_sitrep_covid-19_n117_30_aout_2020.pdf
MT,Malta,Partial,22.07.2020,674,60%,40%,,,,,,,,,https://deputyprimeminister.gov.mt/en/health-promotion/covid-19/Pages/covid-19-infographics.aspx
MR,Mauritania,No,,,,,,,,,,,,,https://essahraa.net/node/20309
MU,Mauritius,No,,,,,,,,,,,,,https://covid19.mu/
MX,Mexico,Yes,27.10.2020,895326,51.37%,48.63%,27.10.2020,89171,63.98%,36.02%,27.10.2020,12.40%,7.38%,1.68,https://coronavirus.gob.mx/datos/
MD,Moldova,Yes,21.10.2020,71811,41.20%,58.80%,21.10.2020,1685,51.34%,48.66%,21.10.2020,2.92%,1.94%,1.51,http://gismoldova.maps.arcgis.com/apps/opsdashboard/index.html#/d274da857ed345efa66e1fbc959b021b
MN,Mongolia,Yes,29.10.2020,340,68.82%,31.18%,04.08.2020,,,,04.08.2020,,,1,https://covid19.mohs.mn/p/cat/post/57/
ME,Montenegro,Partial,27.10.2020,16317,52.10%,47.90%,,,,,,,,,https://www.ijzcg.me/
MA,Morocco,Yes,18.07.2020,17015,53%,47%,21.09.2020,1855,66.31%,33.69%,18.07.2020,2.98%,1.65%,1.8,https://medias24.com/images/fils/pdf/2020/covid-19_epidemiologie-converti.pdf
MZ,Mozambique,Partial,26.10.2020,12161,56.08%,43.92%,,,,,,,,,https://www.misau.gov.mz/index.php/covid-19-boletins-diarios#
MM,Myanmar,Yes,10.09.2020,2265,53%,47%,28.09.2020,226,64.16%,35.84%,01.09.2020,1%,0.26%,3.84,https://datastudio.google.com/u/0/reporting/445c1281-c6ea-45e4-9bc0-5d561c511354/page/I44CB
NA,Namibia,No,,,,,,,,,,,,,https://web.facebook.com/MoHSSNamibia/photos/pcb.623983671607973/623983298274677
NP,Nepal,Yes,27.10.2020,160400,67.96%,32.04%,21.10.2020,764,70.29%,29.71%,13.08.2020,0.35%,0.55%,0.64,https://covid19.mohp.gov.np/?fbclid=IwAR2_KRxuwxtNk7K92UnPF9Y3IVqh9ZDOzgc3l946lZJiLwtdOlHp6v6BZP8
NL,Netherlands,Yes,27.10.2020,311798,45.37%,54.63%,27.10.2020,7142,55.07%,44.93%,27.10.2020,2.78%,1.88%,1.48,https://www.rivm.nl/documenten/wekelijkse-update-epidemiologische-situatie-covid-19-in-nederland
NZ,New Zealand,Partial,29.10.2020,1949,46.13%,53.87%,,,,,,,,,https://www.health.govt.nz/our-work/diseases-and-conditions/covid-19-novel-coronavirus/covid-19-current-situation/covid-19-current-cases#gender
NI,Nicaragua,No,,,,,,,,,,,,,https://www.el19digital.com/Coronavirus/articulo/titulo:104282-conozca-el-informe-actualizado-de-la-situacion-de-la-covid-19-en-nicaragua
NE,Niger,No,,,,,,,,,,,,,https://coronavirus.ne/
NG,Nigeria,Partial,17.10.2020,61307,63.57%,36.43%,25.10.2020,1128,75.27%,24.73%,,,,,https://ncdc.gov.ng/diseases/sitreps/?cat=14&name=An%20update%20of%20COVID-19%20outbreak%20in%20Nigeria
MK,North Macedonia,Yes,27.10.2020,27199,51.04%,48.96%,27.10.2020,800,64.75%,35.25%,27.10.2020,3.73%,2.12%,1.76,https://gdi-sk.maps.arcgis.com/apps/opsdashboard/index.html?fbclid=IwAR0Dd9MY7njiNtDkPpPt8R2SeD4pW_6TO12axwKrT4CcegckY4P4Ezt43f4#/2096bd4b051b42948ac3f5747e80c3a5
,Northern Ireland,Yes,26.10.2020,35534,46.96%,53.04%,26.10.2020,670,53.13%,46.87%,26.10.2020,2.13%,1.67%,1.28,https://app.powerbi.com/view?r=eyJrIjoiZGYxNjYzNmUtOTlmZS00ODAxLWE1YTEtMjA0NjZhMzlmN2JmIiwidCI6IjljOWEzMGRlLWQ4ZDctNGFhNC05NjAwLTRiZTc2MjVmZjZjNSIsImMiOjh9
NO,Norway,Yes,27.10.2020,18341,53.38%,46.62%,13.10.2020,277,52.35%,47.65%,13.10.2020,1.76%,1.78%,0.99,https://www.fhi.no/en/id/infectious-diseases/coronavirus/daily-reports/daily-reports-COVID19/#covid19associated-deaths-by-age-and-sex
OM,Oman,No,,,,,,,,,,,,,https://covid19.moh.gov.om/#/home
PK,Pakistan,Yes,18.08.2020,289832,74%,26%,18.08.2020,6190,74%,26%,18.08.2020,2.14%,2.12%,1.01,http://covid.gov.pk/stats/pakistan
PS,Palestine,Partial,27.10.2020,50709,47.17%,52.83%,,360,,,,,,,https://app.powerbi.com/view?r=eyJrIjoiODJlYWM1YTEtNDAxZS00OTFlLThkZjktNDA1ODY2OGQ3NGJkIiwidCI6ImY2MTBjMGI3LWJkMjQtNGIzOS04MTBiLTNkYzI4MGFmYjU5MCIsImMiOjh9
PA,Panama,Yes,14.08.2020,79402,54%,46%,05.06.2020,373,68%,32%,05.06.2020,2.78%,1.89%,1.47,http://minsa.b-cdn.net/sites/default/files/publicacion-general
PG,Papua New Guinea,No,,,,,,,,,,,,,https://covid19.papua.go.id/#monitor
PY,Paraguay,Yes,26.10.2020,59594,51.49%,48.51%,26.10.2020,1309,62.11%,37.89%,26.10.2020,2.65%,1.72%,1.54,https://www.mspbs.gov.py/reporte-covid19.html
PE,Peru,Yes,29.10.2020,890574,52.35%,47.65%,29.10.2020,34187,69.39%,30.61%,29.10.2020,5.09%,2.47%,2.06,https://covid19.minsa.gob.pe/sala_situacional.asp
PH,Philippines,Yes,27.10.2020,373144,54.85%,45.15%,27.10.2020,7053,60.57%,39.43%,27.10.2020,2.09%,1.65%,1.26,https://ncovtracker.doh.gov.ph/
PL,Poland,Partial,,,,,13.10.2020,2920,55.34%,44.66%,,,,,https://docs.google.com/spreadsheets/d/1ierEhD6gcq51HAm433knjnVwey4ZE5DCnu1bW7PRG3E/htmlview?fbclid=IwAR3diFvPqpkq0Kam18jvA9Y2uxq8ihE0DGeynwPJSlwtOeTCcWgGHgK47AM#
PT,Portugal,Yes,26.10.2020,121133,45.55%,54.45%,26.10.2020,2343,51.09%,48.91%,26.10.2020,2.17%,1.74%,1.25,https://covid19.min-saude.pt/ponto-de-situacao-atual-em-portugal/
QA,Qatar,Partial,28.04.2020,12156,91%,9%,,,,,,,,,https://covid19.moph.gov.qa/EN/Pages/default.aspx
IE,Republic of Ireland,Yes,21.10.2020,54433,46.63%,53.37%,21.10.2020,1877,49.87%,50.13%,21.10.2020,3.69%,3.24%,1.14,https://www.hpsc.ie/a-z/respiratory/coronavirus/novelcoronavirus/casesinireland/epidemiologyofcovid-19inireland/COVID-19_Daily_epidemiology_report_(NPHET)_20201023%20-%20website.pdf
RO,Romania,Yes,25.10.2020,212492,46.47%,53.53%,25.10.2020,6470,59.86%,40.14%,25.10.2020,3.92%,2.28%,1.72,https://www.cnscbt.ro/index.php/analiza-cazuri-confirmate-covid19/2056-raport-saptamanal-episaptamana42/file
RU,Russia,No,,,,,,,,,,,,,https://xn--80aesfpebagmfblc0a.xn--p1ai/
RW,Rwanda,Partial,25.10.2020,5066,64.63%,35.37%,,,,,,,,,https://gis.rbc.gov.rw/portal/apps/opsdashboard/index.html#/59872985985446bbaf8c394ad857c5cd
SM,San Marino,No,,,,,,,,,,,,,https://www.pa.sm/SASVisualAnalyticsViewer/VisualAnalyticsViewer_guest.jsp?reportSBIP=SBIP%3A%2F%2FMETASERVER%2FShared%20Data%2FReportGuest%2FCOVID19%20-%20Cruscotto%20Pubblico(Report)&page=vi1&informationEnabled=false&commentsEnabled=false&reportViewOnly=true&reportContextBar=false
ST,Sao Tome and Principe,No,,,,,,,,,,,,,https://www.facebook.com/MSaudeSTeP/
SA,Saudi Arabia,Partial,26.05.2020,76726,75%,25%,,,,,,,,,https://twitter.com/SaudiMOH/status/1265019310826827777
,Scotland,Yes,27.10.2020,59052,44.60%,55.40%,25.10.2020,4482,50.04%,49.96%,25.10.2020,8.52%,6.84%,1.24,https://beta.isdscotland.org/find-publications-and-data/population-health/covid-19/covid-19-statistical-report/9-september-2020/dashboard/
SN,Senegal,Partial,15.09.2020,14529,52%,48%,,,,,,,,,http://www.sante.gouv.sn/sites/default/files/SITREP%2065%20Covid-19%2019-10-2020.pdf
RS,Serbia,Partial,,,,,03.05.2020,193,61.66%,38.34%,,,,,https://covid19.data.gov.rs/
SC,Seychelles,No,,,,,,,,,,,,,http://www.health.gov.sc/index.php/covid-19/press-update/
SL,Sierra Leone,Partial,25.10.2020,2343,53.48%,46.52%,,,,,,,,,http://dhse.gov.sl/
SG,Singapore,Partial,05.05.2020,6530,89%,11%,,,,,,,,,https://www.moh.gov.sg/covid-19/situation-report
SX,Sint Maarten,No,,,,,,,,,,,,,http://www.sintmaartengov.org/government/VSA/Health-Updates/NOVELCORONAVIRUS/Pages/Current-Situation.aspx
SK,Slovakia,Partial,28.05.2020,1491,50%,50%,30.09.2020,55,41.82%,58.18%,,,,,https://korona.gov.sk/wp-content/uploads/2020/10/analyza_covid_september.pdf
SI,Slovenia,Yes,26.10.2020,25603,46.97%,53.03%,26.10.2020,192,41.15%,58.85%,26.10.2020,0.66%,0.83%,0.79,https://www.nijz.si/sl/dnevno-spremljanje-okuzb-s-sars-cov-2-covid-19
SO,Somalia,Partial,22.09.2020,3588,73%,27%,,,,,,,,,https://www.unicef.org/somalia/media/1731/file/Somalia-COVID-19-fact-sheet-22September2020.pdf
ZA,South Africa,Yes,25.10.2020,705655,41.77%,58.23%,27.10.2020,15709,51.34%,48.66%,01.07.2020,2.13%,1.44%,1.48,https://www.nicd.ac.za/diseases-a-z-index/covid-19/surveillance-reports/
KR,South Korea,Yes,27.10.2020,26043,46.54%,53.46%,27.10.2020,460,53.48%,46.52%,27.10.2020,2.03%,1.54%,1.32,http://ncov.mohw.go.kr/bdBoardList_Real.do?brdId=1&brdGubun=11&ncvContSeq=&contSeq=&board_id=&gubun=
SS,South Sudan,Partial,18.10.2020,2736,75.84%,24.16%,,,,,,,,,https://moh.gov.ss/weekly_updates.php
ES,Spain,Yes,21.10.2020,1000131,46.91%,53.09%,21.05.2020,20518,57%,43%,21.05.2020,10.87%,6.30%,1.73,https://www.isciii.es/QueHacemos/Servicios/VigilanciaSaludPublicaRENAVE/EnfermedadesTransmisibles/_layouts/15/WopiFrame.aspx?sourcedoc=/QueHacemos/Servicios/VigilanciaSaludPublicaRENAVE/EnfermedadesTransmisibles/Documents/INFORMES/Informes%20COVID-19/Informe%20n%C2%BA%2043.Situaci%C3%B3n%20de%20COVID-19%20en%20Espa%C3%B1a%20a%209%20de%20septiembre%20de%202020.pdf&action=default
LK,Sri Lanka,No,,,,,,,,,,,,,https://hpb.health.gov.lk/covid19-dashboard/
SD,Sudan,No,,,,,,,,,,,,,http://www.fmoh.gov.sd/index.php
SR,Suriname,No,,,,,,,,,,,,,https://covid-19.sr/
SE,Sweden,Yes,27.10.2020,115763,44.78%,55.22%,27.10.2020,5918,54.85%,45.15%,27.10.2020,6.26%,4.18%,1.5,https://fohm.maps.arcgis.com/apps/opsdashboard/index.html#/68d4537bf2714e63b646c37f152f1392
CH,Switzerland,Yes,27.10.2020,126997,49.46%,50.54%,27.10.2020,1929,57.44%,42.56%,27.10.2020,1.76%,1.28%,1.38,https://www.bag.admin.ch/bag/fr/home/krankheiten/ausbrueche-epidemien-pandemien/aktuelle-ausbrueche-epidemien/novel-cov/situation-schweiz-und-international.html#1164290551
SY,Syria,No,,,,,,,,,,,,,https://app.powerbi.com/view?r=eyJrIjoiNTA0NWMxZmYtMDJiMC00ZWU0LTllNTktZTViZjYwYThjZmUzIiwidCI6ImY2MTBjMGI3LWJkMjQtNGIzOS04MTBiLTNkYzI4MGFmYjU5MCIsImMiOjh9
TW,Taiwan,Partial,26.10.2020,550,52.18%,47.82%,,,,,,,,,https://data.cdc.gov.tw/en/dataset/agsdctable-day-19cov/resource/a59483fd-4b09-42bd-af15-3c123147d7e3
TJ,Tajikistan,No,,,,,,,,,,,,,https://covid.tj/#charts
TZ,Tanzania,No,,,,,,,,,,,,,https://covid19.who.int/region/afro/country/tz
TH,Thailand,Yes,20.10.2020,3700,56.51%,43.49%,30.09.2020,59,76.27%,23.73%,30.09.2020,2.24%,0.90%,2.48,https://ddc.moph.go.th/viralpneumonia/eng/file/situation/situation-no289-201063.pdf
TG,Togo,No,,,,,,,,,,,,,https://covid19.gouv.tg/situation-au-togo/
TT,Trinidad and Tobago,No,,,,,,,,,,,,,https://www.covid19.gov.tt/trinidad-and-tobago-covid-19-novel-coronavirus-update-521-2/
TN,Tunisia,Yes,20.10.2020,42727,46%,54%,30.08.2020,77,68.75%,31.25%,30.08.2020,3.24%,1.29%,2.49,http://coronavirus.rns.tn/point-de-situation-en-tunisie/
TR,Turkey,Yes,18.10.2020,348493,51%,49%,18.10.2020,9296,61.95%,38.05%,18.10.2020,3.24%,2.07%,1.56,https://covid19.saglik.gov.tr/Eklenti/39169/0/covid-19-weekly-situation-report---42-weekpdf.pdf?_tag1=B1A9C0854AC47DADC8FF332CC2CB9A336F580D4B
TC,Turks and Caicos,No,,,,,,,,,,,,,https://web.facebook.com/tcihealthpromotions/posts/1789061581263790?_rdc=1&_rdr
AE,UAE,No,,,,,,,,,,,,,https://covid19.ncema.gov.ae/en
US,USA,Yes,27.10.2020,6663768,48.14%,51.86%,27.10.2020,207876,54.11%,45.89%,27.10.2020,3.51%,2.76%,1.27,https://www.cdc.gov/covid-data-tracker/index.html#demographics
UG,Uganda,Yes,27.09.2020,4904,72.70%,27.30%,27.09.2020,31,67.74%,32.26%,27.09.2020,0.59%,0.75%,0.79,https://covid19.gou.go.ug/statistics.html
UA,Ukraine,Yes,29.10.2020,370416,40.47%,59.53%,29.10.2020,6868,53.10%,46.90%,29.10.2020,2.43%,1.46%,1.67,https://phc.org.ua/kontrol-zakhvoryuvan/inshi-infekciyni-zakhvoryuvannya/koronavirusna-infekciya-covid-19
UY,Uruguay,No,,,,,,,,,,,,,https://www.gub.uy/sistema-nacional-emergencias/comunicacion/noticias/informacion-interes-actualizada-sobre-coronavirus-covid-19-uruguay
UZ,Uzbekistan,No,,,,,,,,,,,,,https://coronavirus.uz/en
VE,Venezuela,Partial,26.10.2020,90047,56.42%,43.58%,,,,,,,,,https://covid19.patria.org.ve/estadisticas-venezuela/
VN,Vietnam,Yes,22.10.2020,1144,48.43%,51.57%,22.10.2020,35,37.14%,62.86%,22.10.2020,2.35%,3.73%,0.63,https://www.who.int/vietnam/internal-publications-detail/covid-19-in-viet-nam-situation-report-14
,Wales,Yes,27.10.2020,44834,43.44%,56.56%,27.10.2020,1829,56.70%,43.30%,27.10.2020,5.33%,3.12%,1.71,https://public.tableau.com/profile/public.health.wales.health.protection#!/vizhome/RapidCOVID-19virology-Public/Headlinesummary
YE,Yemen,Partial,21.07.2020,1897,73%,27%,15.09.2020,584,77%,23%,,,,,https://app.powerbi.com/view?r=eyJrIjoiZjE2NzJjZDItNDgyZi00NDFkLWFlMjItNjA2MjIwMWYzODJkIiwidCI6ImY2MTBjMGI3LWJkMjQtNGIzOS04MTBiLTNkYzI4MGFmYjU5MCIsImMiOjh9
ZM,Zambia,No,,,,,,,,,,,,,https://web.facebook.com/mohzambia/photos/a.773733439467982/1728282024013114/
ZW,Zimbabwe,No,,,,,,,,,,,,,https://twitter.com/MoHCCZim/status/1316122062445047809/photo/1
